﻿{
   "CodeGenerationMode": 4,
   "ContextClassName": "DulcefacilDBContext",
   "ContextNamespace": null,
   "FilterSchemas": false,
   "IncludeConnectionString": true,
   "ModelNamespace": null,
   "OutputContextPath": null,
   "OutputPath": "C:\\Users\\Det-Pc\\Desktop\\Universidad\\Desarrollo de software I\\DulceFacilAPI\\DulceFacil.Dominio.Modelo\\Entidades",
   "PreserveCasingWithRegex": true,
   "ProjectRootNamespace": "DulceFacil.Infraestructura.AccesoDatos",
   "Schemas": null,
   "SelectedHandlebarsLanguage": 2,
   "SelectedToBeGenerated": 0,
   "T4TemplatePath": null,
   "Tables": [
      {
         "Name": "[dbo].[Clientes]",
         "ObjectType": 0
      },
      {
         "Name": "[dbo].[DetallesPedido]",
         "ObjectType": 0
      },
      {
         "Name": "[dbo].[Entregas]",
         "ObjectType": 0
      },
      {
         "Name": "[dbo].[EntregasFallidas]",
         "ObjectType": 0
      },
      {
         "Name": "[dbo].[Pedidos]",
         "ObjectType": 0
      },
      {
         "Name": "[dbo].[Productos]",
         "ObjectType": 0
      },
      {
         "Name": "[dbo].[ReportesDemoras]",
         "ObjectType": 0
      },
      {
         "Name": "[dbo].[Roles]",
         "ObjectType": 0
      },
      {
         "Name": "[dbo].[Usuarios]",
         "ObjectType": 0
      }
   ],
   "UiHint": null,
   "UncountableWords": null,
   "UseAsyncStoredProcedureCalls": true,
   "UseBoolPropertiesWithoutDefaultSql": false,
   "UseDatabaseNames": true,
   "UseDatabaseNamesForRoutines": true,
   "UseDateOnlyTimeOnly": true,
   "UseDbContextSplitting": false,
   "UseDecimalDataAnnotationForSprocResult": true,
   "UseFluentApiOnly": true,
   "UseHandleBars": false,
   "UseHierarchyId": false,
   "UseInflector": false,
   "UseInternalAccessModifiersForSprocsAndFunctions": false,
   "UseLegacyPluralizer": false,
   "UseManyToManyEntity": false,
   "UseNoDefaultConstructor": false,
   "UseNoNavigations": false,
   "UseNoObjectFilter": false,
   "UseNodaTime": false,
   "UseNullableReferences": false,
   "UsePrefixNavigationNaming": false,
   "UseSchemaFolders": false,
   "UseSchemaNamespaces": false,
   "UseSpatial": false,
   "UseT4": false,
   "UseT4Split": false
}